{"H2": [0.48264520790239923, -4.2867505803059134e-16, 0.08096158531326252, 0.1903877216883748], "LiH": [0.5236185941030135, -1.9765336256030675e-15, 0.024808649903827973, 0.2176774957208058], "O2": [0.4653043774096112, -3.3061864528577512e-15, 0.0058134403607746354, 0.27812781311095747], "N2": [0.46483311493389395, -2.064273707231363e-15, 0.007408629720760522, 0.2770686963827061], "F2": [0.4639918929305733, -2.5756724138546645e-15, 0.004618796548858837, 0.28024176886693064], "HCN": [0.4671585274287778, -3.734281103770164e-15, 0.006501104619758327, 0.27802409772195646], "HNC": [0.4646476693168237, -3.3015202612093025e-15, 0.006374958808489252, 0.2802828800007925], "CH4": [0.5228149308821419, -1.5091470520962253e-15, 0.008826113794590234, 0.23481481233956614], "H2O": [0.5447658064492256, -1.2096230826968436e-16, 0.004042532471216907, 0.2196814232550231], "NH3": [0.5342859178395029, -4.745412221747205e-16, 0.0056062854807418195, 0.22773729225105016], "BH3": [0.5102169736664031, -1.2462001897818178e-15, 0.014474574254857741, 0.23970415799605094], "H2O2": [0.4609147113541425, -3.377339624563259e-15, 0.005954027967438785, 0.28199984181633625], "H2CO": [0.48147917991317646, -7.483689799841454e-16, 0.005050495560927523, 0.2707264053804605], "HCOOH": [0.4312807990142918, -4.788178731444015e-15, 0.004577159527952839, 0.3076476018795078], "CH3OH": [0.4744321419399825, -2.5282823404991937e-15, 0.005458166105034009, 0.27633491721703884]}